NUMERO,GRUPO,DESCRIPCION,clase,tipo,aplazar,conciliar
1,1,ACTIVO,vista,,,
11,1001,ACTIVO CORRIENTE,vista,,,
111,1001001,DISPONIBILIDADES,vista,,,
1111,1001001001,CAJA,vista,,,
11111,1001001001001001,Efectivo,existencias,activo,x,x
11112,1001001001002002,Valores a Depositar,existencias,activo,x,x
11113,1001001001003003,Fondo Fijo,existencias,activo,x,x
11114,1001001001004004,Fondo Fijo 2,existencias,activo,x,x
11115,1001001001005005,Divisas,existencias,activo,x,x
11116,1001001001006006,Divisas-Dólares,existencias,activo,x,x
11117,1001001001007007,Divisas-Euros,existencias,activo,x,x
11118,1001001001008008,Divisas-Dólares Canad.,existencias,activo,x,x
1112,1001001002,BANCOS CTA. CTE.,vista,,,
11121,1001001002001001,Credicoop CC 35000/9,existencias,activo,x,x
11122,1001001002002002,Credicoop CC 65285/3,existencias,activo,x,x
11123,1001001002003003,Credicoop CC 100618/5,existencias,activo,x,x
1113,1001001003,BANCOS CAJA DE AHORROS,vista,,,
11131,1001001003001001,Bco. Prov. C. Ahorros,existencias,activo,x,x
112,1001002,INVERSIONES,vista,,,
1121,1001002001,BANCOS PLAZO FIJO,vista,,,
11211,1001002001001001,Credicoop Plazo Fijo,existencias,activo,x,
1122,1001002002,FDOS COMUNES DE INVERS.,vista,,,
11221,1001002002001001,Credicoop Fdo C. de Inv.,existencias,activo,x,
1123,1001002003,TITULOS Y A CCIONES,vista,,,
113,1001003,CREDITOS,vista,,,
1131,1001003001,DEUDORES CUOTA SOSTENIM.,vista,,,
11311,1001003001001001,Deudores Cuota Sostenim.,a cobrar,activo,x,x
11312,1001003001002002,Ds. C. Sostenim. en Mora,a cobrar,activo,x,x
11313,1001003001003003,Ds. C. Sostenim Convenio,a cobrar,activo,x,x
11314,1001003001004004,Ds. C. Sostenim Gestión,a cobrar,activo,x,x
1132,1001003002,DEUDORES CUOTA SERVICIOS,vista,,,
11321,1001003002001001,Deudores Cuota Servicios,a cobrar,activo,x,x
11322,1001003002002002,Ds. C. Servicios en Mora,a cobrar,activo,x,x
11323,1001003002003003,Ds. C. Servicios Conven.,a cobrar,activo,x,x
11324,1001003002004004,Ds. C. Servicios Gestión,a cobrar,activo,x,x
1133,1001003003,DEUDORES POR AUSPICIOS,vista,,,
11331,1001003003001001,Deudores Por Auspicios,a cobrar,activo,x,x
1134,1001003004,DEUDORES POR EVENTOS,vista,,,
11341,1001003004001001,Deudores Por Eventos,a cobrar,activo,x,x
1135,1001003005,DEUDORES POR DIST LIBROS,vista,,,
11351,1001003005001001,Deudores Por Dist Libros,a cobrar,activo,x,x
1136,1001003006,DEUDORES POR LA GACETA,vista,,,
11361,1001003006001001,Deudores Suscripción LG,a cobrar,activo,x,x
113611,1001003006011011,Deudores Publicidad  LG,a cobrar,activo,x,x
1137,1001003007,DEUDORES POR DIFUSION,vista,,,
11371,1001003007001001,Deudores P/Difusión,a cobrar,activo,x,x
11390,1001003090,DEUDORES VARIOS,vista,,,
113901,1001003090001001,Deudores Varios,a cobrar,activo,x,x
113902,1001003090002002,Pagos P/Cta. Terceros,a cobrar,activo,x,x
1139010,1001003090010010,Deudores Cuota ACI,a cobrar,activo,x,x
1139011,1001003090011011,Deudores Conferencia ACI,a cobrar,activo,x,x
1139012,1001003090012012,Deud. Gtos a Rendir,a cobrar,activo,x,x
11391,1001003091,DEUDORES OPERACIONES VS.,vista,,,
113911,1001003091001001,Deudores P/Alquiler Ofic,a cobrar,activo,x,x
1139111,1001003091011011,Deudores P/Alquiler Coch,a cobrar,activo,x,x
1139151,1001003091051051,Deudores P/Vta B. de Uso,a cobrar,activo,x,x
1139152,1001003091052052,Deud. Gtos. a Recuperar,a cobrar,activo,x,x
1139154,1001003091054054,Deud. Gtos. a Rec. Conv.,a cobrar,activo,x,x
1139155,1001003091055055,Deudores Operaciones Vs.,a cobrar,activo,x,x
1139156,1001003091056056,Deudores Fondo Rotatorio,a cobrar,activo,x,x
11395,1001003095,Previsión P/Incobrables,a cobrar,pasivo,x,x
114,1001004,OTROS CREDITOS,vista,,,
1141,1001004001,Valores al Cobro,a cobrar,activo,x,
11411,1001004011,Asociados Suscriptores,a cobrar,activo,x,
11414,1001004014,Anticipos de Sueldos,a cobrar,activo,x,
11415,1001004015,Anticipos Gtos. a Rendir,a cobrar,activo,x,
11416,1001004016,Pagos P/Cta. Terceros,a cobrar,activo,x,
11417,1001004017,Gtos. Pag. P/Adelantado,a cobrar,activo,x,
11421,1001004021,Subsidio INAES a recuper,a cobrar,activo,x,
11422,1001004022,Préstamos Otoingresoados,a cobrar,activo,x,
11431,1001004031,Iva Saldo a Favor,a cobrar,activo,x,
11432,1001004032,Iva-Ret. y Percep. Exper,a cobrar,activo,x,
11436,1001004036,ING. BRUTOS-RET Y PERCEP,vista,,,
114361,1001004036001001,Ing. Brutos-Reten. Exper,a cobrar,activo,x,
114363,1001004036003003,Ing. Brutos-SirCreb,a cobrar,activo,x,
11439,1001004039,Ing.Brutos-Saldo a Favor,a cobrar,activo,x,
11441,1001004041,ANTICIPOS DE IMPUESTOS,vista,,,
114411,1001004041001001,Anticipos Fdo Ed. y Prom,a cobrar,activo,x,
114412,1001004041002002,Fdo. Educ. - Imp. a Cta.,a cobrar,activo,x,
11451,1001004051,IVA CREDITO FISCAL,vista,,,
114511,1001004051001001,Iva Crédito Fiscal 10.5,existencias,activo,x,x
1145111,1001004051011011,Iva Crédito Fiscal 21,existencias,activo,x,x
1145121,1001004051021021,Iva Crédito Fiscal 27,existencias,activo,x,x
115,1001005,BIENES DE CAMBIO,vista,,,
12,1002,ACTIVO NO CORRIENTE,vista,,,
121,1002001,BIENES DE USO,vista,,,
1211,1002001001,TERRENOS,vista,,,
12111,1002001001001001,Terrenos-V.O.,existencias,activo,x,
1212,1002001002,EDIFICIOS,vista,,,
12121,1002001002001001,Edificios-V.O.,existencias,activo,x,
12122,1002001002002002,Edificios-Amort. Acum.,existencias,activo,x,
1213,1002001003,INSTALACIONES,vista,,,
12131,1002001003001001,Instalaciones-V.O.,existencias,activo,x,
12132,1002001003002002,Instalaciones-Amort Acum,existencias,activo,x,
1214,1002001004,MUEBLES Y UTILES,vista,,,
12141,1002001004001001,Muebles y Utiles-V.O.,existencias,activo,x,
12142,1002001004002002,Muebles y Utiles-A. Ac.,existencias,activo,x,
12143,1002001004003003,Muebles y Ut. Esp -V.O.,existencias,activo,x,
12144,1002001004004004,Muebles y Ut. Esp-A. Ac.,existencias,activo,x,
1215,1002001005,EQUIPOS DE COMPUTACION,vista,,,
12151,1002001005001001,Equipos Computación-V.O.,existencias,activo,x,
12152,1002001005002002,Equipos Computación-A.Ac,existencias,activo,x,
12153,1002001005003003,Eq. Computación Esp-V.O.,existencias,activo,x,
12154,1002001005004004,Eq. Computación E-A. Ac.,existencias,activo,x,
121513,1002001005013013,Software-V.O.,existencias,activo,x,
121514,1002001005014014,Software-A. Ac.,existencias,activo,x,
121515,1002001005015015,Software 21-V.O.,existencias,activo,x,
121516,1002001005016016,Software 21-A. Ac.,existencias,activo,x,
122,1002002,INVERSIONES,vista,,,
123,1002003,ACTIVOS INTANGIBLES,vista,,,
1231,1002003001,MARCAS Y PATENTES,vista,,,
124,1002004,CAingresoOS DIFERIDOS,vista,,,
1241,1002004001,GASTOS PAG. P/ADELANTADO,vista,,,
12411,1002004001001001,Gastos Pag. p/Adelantado,existencias,activo,x,
2,2,PASIVO,vista,,,
21,2001,PASIVO CORRIENTE,vista,,,
211,2001001,DEUDAS COMERCIALES,vista,,,
2111,2001001001,PROVEEDORES,vista,,,
21113,2001001001003003,Proveedores Auspicios,a pagar,pasivo,x,
21114,2001001001004004,Proveedores Eventos,a pagar,pasivo,x,
21115,2001001001005005,Proveedores Libros,a pagar,pasivo,x,
211191,2001001001091091,Proveedores Operac. Vs.,a pagar,pasivo,x,
211195,2001001001095095,Proveedores Varios,a pagar,pasivo,x,
212,2001002,DEUDAS BANCARIAS,vista,,,
2121,2001002001,Bancos-Préstamos Recib.,a pagar,pasivo,x,
2122,2001002002,Bco Credicoop Tarj. Cred,a pagar,pasivo,x,
213,2001003,DEUDAS FINANCIERAS,vista,,,
2131,2001003001,Obligaciones a Pagar.,a pagar,pasivo,x,
2132,2001003002,Préstamos Temporarios,a pagar,pasivo,x,
214,2001004,DEUDAS LABORALES,vista,,,
2141,2001004001,SUELDOS A PAGAR,vista,,,
21411,2001004001001001,Sueldos a Pagar,a pagar,pasivo,x,
2142,2001004002,CAingresoAS SOCIALES A PAGAR,vista,,,
21421,2001004002001001,Seguridad Social a Pagar,a pagar,pasivo,x,
21422,2001004002002002,Obra Social a Pagar,a pagar,pasivo,x,
21423,2001004002003003,ART a Pagar,a pagar,pasivo,x,
21424,2001004002004004,Sindicato a Pagar,a pagar,pasivo,x,
215,2001005,DEUDAS FISCALES,vista,,,
2151,2001005001,IMPUESTOS A PAGAR,vista,,,
21511,2001005001001001,Iva a Pagar,a pagar,pasivo,x,
21512,2001005001002002,Imp. Ing Brutos a Pagar,a pagar,pasivo,x,
21513,2001005001003003,Fdo. Educ y Prom a Pagar,a pagar,pasivo,x,
2152,2001005002,RETENCIONES A DEPOSITAR,vista,,,
21521,2001005002001001,Retenc. Ganancias a Dep.,a pagar,pasivo,x,
21522,2001005002002002,Ret. IVA a dep.,a pagar,pasivo,x,
21523,2001005002003003,Ret. 4º Cat Gcias a dep,a pagar,pasivo,x,
21551,2001005051,IVA DEBITO FISCAL,vista,,,
215511,2001005051001001,Iva Débito Fisc. 10.5 RI,existencias,pasivo,x,
215512,2001005051002002,Iva Débito Fisc. 10.5 MO,existencias,pasivo,x,
215513,2001005051003003,Iva Débito Fisc. 10.5 CF,existencias,pasivo,x,
2155111,2001005051011011,Iva Débito Fiscal 21 RI,existencias,pasivo,x,
2155112,2001005051012012,Iva Débito Fiscal 21 MO,existencias,pasivo,x,
2155113,2001005051013013,Iva Débito Fiscal 21 CF,existencias,pasivo,x,
216,2001006,OTRAS DEUDAS,vista,,,
2161,2001006001,Gastos a Pagar,a pagar,pasivo,x,
21615,2001006015,Subsidios SCI a Transfer,a pagar,pasivo,x,
21616,2001006016,Cobranzas P/Cta Terceros,a pagar,pasivo,x,
21617,2001006017,Fondo INAES a Rendir,a pagar,pasivo,x,
21618,2001006018,Convenio INAES a Rendir,a pagar,pasivo,x,
21619,2001006019,Conv. INAES a Rendir II,a pagar,pasivo,x,
21620,2001006020,Conv. INAES a Rendir III,a pagar,pasivo,x,
21621,2001006021,Conv. INAES a Rendir IV,a pagar,pasivo,x,
21622,2001006022,Conv. INAES a Rendir V,a pagar,pasivo,x,
21623,2001006023,Conv. INAES a Rendir VI,a pagar,pasivo,x,
21624,2001006024,Conv. INAES a Rendir VII,a pagar,pasivo,x,
21625,2001006025,Conv. INAES a RendirVIII,a pagar,pasivo,x,
21626,2001006026,Conv. INAES a Rendir IX,a pagar,pasivo,x,
21627,2001006027,Conv. INAES a Rendir X,a pagar,pasivo,x,
21640,2001006040,Recaudaciones a Imputar,a pagar,pasivo,x,
21641,2001006041,Provisión Gtos Asambleas,a pagar,pasivo,x,
21692,2001006092,RETRIBUC. CONS. A PAGAR,vista,,,
216925,2001006092005005,Retribuc. Cons. a Pagar,a pagar,pasivo,x,
21694,2001006094,Fdo. Acción Asist. y Lab,a pagar,pasivo,x,
21695,2001006095,Fdo. Educación y Capacit,a pagar,pasivo,x,
217,2001007,PREVISIONES,vista,,,
2171,2001007001,Previsión P/Despidos,a pagar,pasivo,x,
218,2001008,PROVISION,vista,,,
2181,2001008001,Prov. Fdos. Capital Rotatorio,a pagar,pasivo,x,
2182,2001008002,Prov. Gtos. Participación Inst.,a pagar,pasivo,x,
219,2001009,INGRESOS DIFERIDOS,vista,,,
2191,2001009001,Ing. difer.-Subs. p/Gest,a pagar,pasivo,x,
22,2002,PASIVO NO CORRIENTE,vista,,,
222,2002002,DEUDAS BANCARIAS L.P.,vista,,,
2221,2002002001,Bancos-Préstamos Recib.,a pagar,pasivo,x,
226,2002006,OTRAS DEUDAS L.P.,vista,,,
3,3,PATRIMONIO NETO,vista,,,
31,3001,CAPITAL COOPERATIVO,vista,,,
311,3001001,Capital Coop. Suscripto,otro,patrimonio neto,x,
312,3001002,Retornos e Inter. a Cap.,otro,patrimonio neto,x,
3111,3001011,Ajustes al Capital,otro,patrimonio neto,x,
32,3002,RESULTADOS ACUMULADOS,vista,,,
321,3002001,RESERVAS,vista,,,
3211,3002001001,Reserva Legal,otro,patrimonio neto,x,
3212,3002001002,Reserva Especial Art. 42,otro,patrimonio neto,x,
322,3002002,RESULTADOS NO ASIGNADOS,vista,,,
3221,3002002001,Resultados No Asignados,otro,patrimonio neto,x,
3222,3002002002,Resultado del Ejercicio,otro,patrimonio neto,x,
3223,3002002003,Resultado Ej. Anteriores,otro,patrimonio neto,x,
4,4,INGRESOS,vista,,,
41,4001, INGRESOS ORDINARIOS,vista,,,
411,4001001,CUOTA DE SOSTENIMIENTO,vista,,,
4112,4001001002,Cuota de Sostenimiento,ingresos,ingreso,x,
4113,4001001003,Cuota de Ingreso,ingresos,ingreso,x,
4114,4001001004,Otras Cuotas,ingresos,ingreso,x,
412,4001002,CUOTA POR SERVICIOS,vista,,,
4122,4001002002,Cuota Por Servicios RI,ingresos,ingreso,x,
4124,4001002004,Cuota Por Servicios MO,ingresos,ingreso,x,
4126,4001002006,Cuota Por Servicios EX,ingresos,ingreso,x,
413,4001003,AUSPICIO DE EVENTOS,vista,,,
4131,4001003001,AUSPICIO EVENTOS-ASOC,vista,,,
41312,4001003001002002,Auspicio Ev.-Asoc. RI,ingresos,ingreso,x,
41314,4001003001004004,Auspicio Ev.-Asoc. MO,ingresos,ingreso,x,
41316,4001003001006006,Auspicio Ev.-Asoc. EX,ingresos,ingreso,x,
4132,4001003002,AUSPICIO EVENTOS-NO ASOC,vista,,,
41321,4001003002001001,Auspicio Ev.-No Asoc. RI,ingresos,ingreso,x,
41323,4001003002003003,Auspicio Ev.-No Asoc. MO,ingresos,ingreso,x,
41325,4001003002005005,Auspicio Ev.-No Asoc. EX,ingresos,ingreso,x,
414,4001004,REALIZACION DE EVENTOS,vista,,,
4141,4001004001,REALIZ. EVENTOS-ASOC,vista,,,
41412,4001004001002002,Realiz. Eventos-Asoc RI,ingresos,ingreso,x,
41414,4001004001004004,Realiz. Eventos-Asoc MO,ingresos,ingreso,x,
41416,4001004001006006,Realiz. Eventos-Asoc EX,ingresos,ingreso,x,
41418,4001004001008008,Eventos-Public.-Asoc RI,ingresos,ingreso,x,
4142,4001004002,REALIZ. EVENTOS-NO ASOC,vista,,,
41421,4001004002001001,Realiz Eventos-No As. RI,ingresos,ingreso,x,
41423,4001004002003003,Realiz Eventos-No As. MO,ingresos,ingreso,x,
41424,4001004002004004,Realiz Eventos-No As. CF,ingresos,ingreso,x,
41425,4001004002005005,Realiz Eventos-No As. EX,ingresos,ingreso,x,
41427,4001004002007007,Eventos-Public-No As. RI,ingresos,ingreso,x,
415,4001005,DISTRIBUCION LIBROS,vista,,,
4151,4001005001,DISTRIBUC. LIBROS-ASOC.,vista,,,
41512,4001005001002002,Distribuc LIbros-Asoc.,ingresos,ingreso,x,
415111,4001005001011011,Publicidad Lib-Asoc. RI,ingresos,ingreso,x,
4152,4001005002,DISTRIBUC LIBROS-NO ASOC,vista,,,
41521,4001005002001001,Distribuc LIbros-No Asoc,ingresos,ingreso,x,
416,4001006,DISTRIBUCION LA GACETA,vista,,,
4161,4001006001,DISTRIBUCION LG-ASOC.,vista,,,
41614,4001006001004004,Publicidad LG-Asoc RI,ingresos,ingreso,x,
41616,4001006001006006,Publicidad LG-Asoc MO,ingresos,ingreso,x,
41618,4001006001008008,Publicidad LG-Asoc EX,ingresos,ingreso,x,
416112,4001006001012012,Suscripción LG-Asoc RI,ingresos,ingreso,x,
416114,4001006001014014,Suscripción LG-Asoc MO,ingresos,ingreso,x,
416116,4001006001016016,Suscripción LG-Asoc EX,ingresos,ingreso,x,
416122,4001006001022022,Envío LG-Asoc RI,ingresos,ingreso,x,
416124,4001006001024024,Envío LG-Asoc MO,ingresos,ingreso,x,
416126,4001006001026026,Envío LG-Asoc EX,ingresos,ingreso,x,
4162,4001006002,DISTRIBUCION LG-NO ASOC.,vista,,,
41623,4001006002003003,Publicidad LG-No Asoc RI,ingresos,ingreso,x,
41625,4001006002005005,Publicidad LG-No Asoc MO,ingresos,ingreso,x,
41627,4001006002007007,Publicidad LG-No Asoc EX,ingresos,ingreso,x,
416211,4001006002011011,Suscripción LG-NoAsoc RI,ingresos,ingreso,x,
416213,4001006002013013,Suscripción LG-NoAsoc MO,ingresos,ingreso,x,
416215,4001006002015015,Suscripción LG-NoAsoc EX,ingresos,ingreso,x,
416221,4001006002021021,Envío LG-NoAsoc RI,ingresos,ingreso,x,
416223,4001006002023023,Envío LG-NoAsoc MO,ingresos,ingreso,x,
416225,4001006002025025,Envío LG-NoAsoc EX,ingresos,ingreso,x,
417,4001007,DIFUSION,vista,,,
4171,4001007001,DIFUSION-ASOC.,vista,,,
41712,4001007001002002,Serv Noticias-Asoc. RI,ingresos,ingreso,x,
41714,4001007001004004,Serv Noticias-Asoc. MO,ingresos,ingreso,x,
41716,4001007001006006,Serv Noticias-Asoc. EX,ingresos,ingreso,x,
4172,4001007002,DIFUSION-NO ASOC.,vista,,,
41721,4001007002001001,Serv Noticias-No Asoc RI,ingresos,ingreso,x,
41723,4001007002003003,Serv Noticias-No Asoc MO,ingresos,ingreso,x,
41725,4001007002005005,Serv Noticias-No Asoc EX,ingresos,ingreso,x,
4111,4001011,PROMOCION,vista,,,
41111,4001011001,PROMOCION-ASOC.,vista,,,
411112,4001011001002002,Promoción-Asoc. RI,ingresos,ingreso,x,
411114,4001011001004004,Promoción-Asoc. MO,ingresos,ingreso,x,
411116,4001011001006006,Promoción-Asoc. EX,ingresos,ingreso,x,
41112,4001011002,PROMOCION-NO ASOC.,vista,,,
411121,4001011002001001,Promoción-No Asoc RI,ingresos,ingreso,x,
411123,4001011002003003,Promoción-No Asoc MO,ingresos,ingreso,x,
411125,4001011002005005,Promoción-No Asoc EX,ingresos,ingreso,x,
4112,4001012,ASISTENCIA A ENTIDADES,vista,,,
41121,4001012001,ASISTENCIA A ASOCIADOS,vista,,,
411212,4001012001002002,Reintegro Gtos. a Asoc.,ingresos,ingreso,x,
41122,4001012002,ASISTENCIA A NO ASOC.,vista,,,
411221,4001012002001001,Reintegro Gtos. a No As.,ingresos,ingreso,x,
4190,4001090,INGRESOS ORDINARIOS VS.,vista,,,
41901,4001090001,INGRESOS ORD. VS-ASOC.,vista,,,
41902,4001090002,INGRESOS ORD. VS-NO ASOC,vista,,,
419021,4001090002001001,Ingresos Ord. Varios,ingresos,ingreso,x,
4191,4001091,INGRESOS OPER AJENAS OBJ,vista,,,
41911,4001091001,ALQUILERES PERCIBIDOS,vista,,,
419111,4001091001001001,Alquileres Perc Oficinas,ingresos,ingreso,x,
419113,4001091001003003,Alquileres Perc Cocheras,ingresos,ingreso,x,
419115,4001091001005005,Alquileres Cocheras 21,ingresos,ingreso,x,
41912,4001091002,RECUPERO GTOS S/INMUEBLE,vista,,,
419121,4001091002001001,Recupero Gtos.Oficinas,ingresos,ingreso,x,
419122,4001091002002002,Recupero Gtos.Oficin. II,ingresos,ingreso,x,
419123,4001091002003003,Recupero ABL,ingresos,ingreso,x,
419125,4001091002005005,Recupero Mant. PC,ingresos,ingreso,x,
41913,4001091003,INTERESES PERCIBIDOS,vista,,,
419131,4001091003001001,Intereses C. de Ahorros,ingresos,ingreso,x,
419133,4001091003003003,Intereses Plazo Fijo,ingresos,ingreso,x,
419134,4001091003004004,Intereses Fondo Rotatorio,ingresos,ingreso,x,
419135,4001091003005005,Intereses Fdo. C. de Inv,ingresos,ingreso,x,
41914,4001091004,DIVIDENDOS PERCIBIDOS,vista,,,
419141,4001091004001001,Dividendos Percibidos,ingresos,ingreso,x,
41915,4001091005,VENTA BIENES DE USO,vista,,,
419151,4001091005001001,Vta. Bienes de Uso RI,ingresos,ingreso,x,
419153,4001091005003003,Vta. Bienes de Uso MO,ingresos,ingreso,x,
419155,4001091005005005,Vta. Bienes de Uso EX,ingresos,ingreso,x,
42,4002,INGRESOS EXTRAORDINARIOS,vista,,,
4290,4002090,INGRESOS EXTRAORD. VS.,vista,,,
4291,4002091,INGRESOS EXTRAORD. VS.,vista,,,
429111,4002091011,SUBSIDIOS RECIBIDOS,vista,,,
4291111,4002091011001001,Subsidios Recib. INAES,ingresos,ingreso,x,
4291112,4002091011002002,Subsidios Convenio INAES,ingresos,ingreso,x,
429112,4002091012,SUBSIDIOS P/GESTION,vista,,,
4291121,4002091012001001,Subsidios Gestión INAES,ingresos,ingreso,x,
429113,4002091013,DONACIONES RECIBIDAS,vista,,,
4291131,4002091013001001,Donaciones Recibidas,ingresos,ingreso,x,
4291132,4002091013002002,Contribución Com. Género,ingresos,ingreso,x,
429114,4002091014,FONDO ROTATORIO,vista,,,
42911410,4002091014010010,Fondo Rotatorio,ingresos,ingreso,x,
429115,4002091015,INTERESES PERCIBIDOS,vista,,,
4291153,4002091015003003,Intereses Plazo Fijo Esp,ingresos,ingreso,x,
429121,4002091021,DIFERENCIAS DE CAMBIO,vista,,,
4291211,4002091021001001,Ing. p/Difer. Cambio,ingresos,ingreso,x,
429122,4002091022,INGRESOS VARIOS,vista,,,
4291221,4002091022001001,Ingresos Varios,ingresos,ingreso,x,
5,5,EGRESOS,vista,,,
51,5001,EGRESOS ORDINARIOS,vista,,,
511,5001001,GASTOS C. SOSTENIMIENTO,vista,,,
5112,5001001002,GASTOS DE DISTRIBUCION,vista,,,
51121,5001001002001001,Incobrabilidades,gastos,egreso,x,
513,5001003,GASTOS AUSPICIO EVENTOS,vista,,,
5131,5001003001,GASTOS DE EXPLOTACION,vista,,,
51311,5001003001001001,Movilidad P/Auspicios,gastos,egreso,x,
51312,5001003001002002,Alojamiento P/Auspicios,gastos,egreso,x,
51313,5001003001003003,Comidas  P/Auspicios,gastos,egreso,x,
51319,5001003001009009,Gtos. Vs. P/Auspicios,gastos,egreso,x,
5132,5001003002,GASTOS DE DISTRIBUCION,vista,,,
5133,5001003003,GASTOS DE ADMINISTRACION,vista,,,
5134,5001003004,GASTOS DE FINANCIACION,vista,,,
514,5001004,GASTOS REALIZACION EVENT,vista,,,
5141,5001004001,GASTOS DE EXPLOTACION,vista,,,
51411,5001004001001001,Alquiler Instalaciones,gastos,egreso,x,
51412,5001004001002002,Servicio de Sonido,gastos,egreso,x,
51413,5001004001003003,Servicio de Locución,gastos,egreso,x,
51414,5001004001004004,Servicio de Cafetería,gastos,egreso,x,
51415,5001004001005005,Refrigerios,gastos,egreso,x,
51416,5001004001006006,Servicio de comidas,gastos,egreso,x,
51417,5001004001007007,Servicio de hotelería,gastos,egreso,x,
514111,5001004001011011,Alquiler Instalac. Esp,gastos,egreso,x,
514119,5001004001019019,Gtos. Vs. Realiz.Eventos,gastos,egreso,x,
514120,5001004001020020,Gtos. Vs. Eventos 10.50,gastos,egreso,x,
514131,5001004001031031,Incobrabilidades Eventos,gastos,egreso,x,
5142,5001004002,GASTOS DE DISTRIBUCION,vista,,,
51421,5001004002001001,Publicidad Eventos,gastos,egreso,x,
5143,5001004003,GASTOS DE ADMINISTRACION,vista,,,
5144,5001004004,GASTOS DE FINANCIACION.,vista,,,
515,5001005,GASTOS DISTRIBUC. LIBROS,vista,,,
5151,5001005001,GASTOS DE EXPLOTACION,vista,,,
51511,5001005001001001,Costo Libros Distribuid.,gastos,egreso,x,
51512,5001005001002002,Diseño Libros,gastos,egreso,x,
515111,5001005001011011,Incobrabilidades Libros,gastos,egreso,x,
5152,5001005002,GASTOS DE DISTRIBUCION,vista,,,
51521,5001005002001001,Fletes Libros,gastos,egreso,x,
51522,5001005002002002,Franqueos Libros,gastos,egreso,x,
5153,5001005003,GASTOS DE ADMINISTRACION,vista,,,
5154,5001005004,GASTOS DE FINANCIACION,vista,,,
516,5001006,GASTOS DISTRIB LA GACETA,vista,,,
5161,5001006001,GASTOS DE EXPLOTACION,vista,,,
51611,5001006001001001,Coordinación Editorial,gastos,egreso,x,
51612,5001006001002002,Diseño LG,gastos,egreso,x,
51613,5001006001003003,Fotografía LG,gastos,egreso,x,
51614,5001006001004004,Impresión LG,gastos,egreso,x,
51615,5001006001005005,Serv. Periodísticos LG,gastos,egreso,x,
51616,5001006001006006,Corrección LG,gastos,egreso,x,
51617,5001006001007007,Cobertura eventos LG,gastos,egreso,x,
51618,5001006001008008,Serv. Adicionales LG,gastos,egreso,x,
51619,5001006001009009,Gastos Vs. Explotac. LG,gastos,egreso,x,
516111,5001006001011011, Sueldos LG,gastos,egreso,x,
516112,5001006001012012, SAC LG,gastos,egreso,x,
516115,5001006001015015,Aportes Sociales LG,gastos,egreso,x,
5162,5001006002,GASTOS DE DISTRIBUCION,vista,,,
51621,5001006002001001,Distribución LG,gastos,egreso,x,
51622,5001006002002002,Fletes LG,gastos,egreso,x,
51623,5001006002003003,Franqueos LG,gastos,egreso,x,
51624,5001006002004004,Comerc. Publicidad LG,gastos,egreso,x,
51625,5001006002005005,Publicidad LG,gastos,egreso,x,
51626,5001006002006006,Promoción en Expos. y Ev,gastos,egreso,x,
51627,5001006002007007,Insumos para envío LG,gastos,egreso,x,
51628,5001006002008008,Mensajería LG,gastos,egreso,x,
51629,5001006002009009,Franqueos C. Reemb. LG,gastos,egreso,x,
516210,5001006002010010,Franqueos C. Reemb. LG-E,gastos,egreso,x,
516211,5001006002011011,Franqueos LG-Ex,gastos,egreso,x,
516215,5001006002015015,Cuotas de Asociación-LG,gastos,egreso,x,
516219,5001006002019019,Incobrabilidades LG,gastos,egreso,x,
516220,5001006002020020,Gastos Prop. Intelect.LG,gastos,egreso,x,
516221,5001006002021021,Gastos Vs. Distrib. LG,gastos,egreso,x,
5163,5001006003,GASTOS DE ADMINISTRACION,vista,,,
5164,5001006004,GASTOS DE FINANCIACION,vista,,,
5165,5001006005,IMP. S/INGRESOS BRUTOS,vista,,,
51651,5001006005001001,Ingresos Brutos - LG,gastos,egreso,x,
517,5001007,GASTOS DE DIFUSION,vista,,,
5171,5001007001,DIFUSION - GACETILLAS,vista,,,
51711,5001007001001001,Difusión - Gacetillas,gastos,egreso,x,
5172,5001007002,DIFUSION - BOLETINES,vista,,,
51721,5001007002001001,Difusión - Boletines,gastos,egreso,x,
5173,5001007003,DIFUSION - LA GACETA,vista,,,
51731,5001007003001001,Difusión - La Gaceta,gastos,egreso,x,
5174,5001007004,DIFUSION - SITIO WEB,vista,,,
51741,5001007004001001,Difusión - Sitio Web,gastos,egreso,x,
5111,5001011,GASTOS PROMOCION,vista,,,
51111,5001011001,GASTOS DE EXPLOTACION,vista,,,
511111,5001011001001001,Gastos Promoción Vs.,gastos,egreso,x,
5191,5001091,GASTOS OPER. AJENAS OBJ.,vista,,,
51911,5001091001,GASTOS DE EXPLOTACION,vista,,,
519111,5001091001001001,Costo B. de Uso Vendidos,gastos,egreso,x,
51912,5001091002,GASTOS DE DISTRIBUCION,vista,,,
51913,5001091003,GASTOS DE ADMINISTRACION,vista,,,
51914,5001091004,GASTOS DE FINANCIACION,vista,,,
5192,5001092,GTOS. GEN. ACT. INSTITUC,vista,,,
519221,5001092021,REPRESENTACION INSTITUC.,vista,,,
5192211,5001092021001001,Representación Inst-Pres,gastos,egreso,x,
5192212,5001092021002002,Representación Inst-Sec,gastos,egreso,x,
5192213,5001092021003003,Representación Inst-Tes,gastos,egreso,x,
5192214,5001092021004004,Represent Inst - Sindico,gastos,egreso,x,
5192215,5001092021005005,Reintegro Gastos Presid.,gastos,egreso,x,
5192216,5001092021006006,Gtos. Pres. vehiculo pro,vista,,,
51922119,5001092021019019,Gastos Varios Presidente,gastos,egreso,x,
51922120,5001092021020020,Cobertura Médica Consejo,gastos,egreso,x,
51922121,5001092021021021,Cobertura Médica Cons-Ex,gastos,egreso,x,
51922140,5001092021040040,Retribución Consejeros,gastos,egreso,x,
51922141,5001092021041041,Reintegro Gtos. Consej.,gastos,egreso,x,
51922142,5001092021042042,Repres. Instituc.-Varios,gastos,egreso,x,
519231,5001092031,CUOTAS DE AFILIACION,vista,,,
5192311,5001092031001001,Afiliación a Ent. Nac.,gastos,egreso,x,
5192312,5001092031002002,Afiliación a Ent. Intern,gastos,egreso,x,
519241,5001092041,DIFUSION,vista,,,
5192411,5001092041001001,Honorarios Difusión,gastos,egreso,x,
5192412,5001092041002002,Difusión: Gastos Vs.,gastos,egreso,x,
5192413,5001092041003003,Videos de difusión,gastos,egreso,x,
519251,5001092051,PARTICIPACION EVENT. NAC,vista,,,
5192511,5001092051001001,Eventos Nac-Pasajes Ex.,gastos,egreso,x,
5192512,5001092051002002,Eventos Nac-Pasajes,gastos,egreso,x,
5192513,5001092051003003,Eventos Nac-Hospedaje,gastos,egreso,x,
5192514,5001092051004004,Eventos Nac-Comidas,gastos,egreso,x,
5192515,5001092051005005,Eventos Nac-Inscrip.,gastos,egreso,x,
5192517,5001092051007007,Eventos Nac-Pasajes 10.5,gastos,egreso,x,
5192518,5001092051008008,Eventos Nac-Gtos. Vs. Ex,gastos,egreso,x,
5192519,5001092051009009,Eventos Nac-Gastos Vs.,gastos,egreso,x,
519261,5001092061,PARTICIPACION EVENT. INT,vista,,,
5192611,5001092061001001,Eventos Int-Pasajes Ex,gastos,egreso,x,
5192612,5001092061002002,Eventos Int-Pasajes,gastos,egreso,x,
5192613,5001092061003003,Eventos Int-Hospedaje,gastos,egreso,x,
5192614,5001092061004004,Eventos Int-Comidas,gastos,egreso,x,
5192615,5001092061005005,Eventos Int-Inscrip.,gastos,egreso,x,
5192619,5001092061009009,Eventos Int-Gastos Vs.,gastos,egreso,x,
519265,5001092065,ATENCIONES INSTITUC.,vista,,,
5192651,5001092065001001,Alquiler Instalaciones I,gastos,egreso,x,
5192652,5001092065002002,Servicio de Sonido I,gastos,egreso,x,
5192653,5001092065003003,ServIcio de Locución I,gastos,egreso,x,
5192654,5001092065004004,ServIcio de Cafetería  I,gastos,egreso,x,
5192655,5001092065005005,Serv. Comidas I,gastos,egreso,x,
5192656,5001092065006006,Agasajos,gastos,egreso,x,
5192658,5001092065008008,Atenciones Instituc.-Vs.,gastos,egreso,x,
5192659,5001092065009009,Gtos. Vs. Act. Instituc.,gastos,egreso,x,
51926510,5001092065010010,Material promocional,gastos,egreso,x,
51926511,5001092065011011,Atenciones Inst-Vs. 10.5,gastos,egreso,x,
519267,5001092067,GTOS. REUN. CONSEJO Y OT,vista,,,
5192671,5001092067001001,Gtos. Reuniones-Comidas,gastos,egreso,x,
5192672,5001092067002002,Gtos.Reuniones-Movilidad,gastos,egreso,x,
5192673,5001092067003003,Gtos.Reuniones-Varios,gastos,egreso,x,
5192674,5001092067004004,Gtos.Reuniones-Cafetería,gastos,egreso,x,
5192675,5001092067005005,Gtos.Reuniones-Movi.10.5,gastos,egreso,x,
5192676,5001092067006006,Gtos.Reuniones-Movil. Ex,gastos,egreso,x,
5192677,5001092067007007,Gtos.Reuniones-Hospedaje,gastos,egreso,x,
519268,5001092068,CAPACITACION CONSEJEROS,vista,,,
5192681,5001092068001001,Capacitación Consejeros,gastos,egreso,x,
519270,5001092070,DONACIONES,vista,,,
5192701,5001092070001001,Donaciones,gastos,egreso,x,
519275,5001092075,APORTES A ENTIDADES,vista,,,
5192751,5001092075001001,Aportes a Entidades,gastos,egreso,x,
5192752,5001092075002002,Aportes p/Convenios,gastos,egreso,x,
5193,5001093,GTOS. GEN. DISTRIBUCION,vista,,,
51931,5001093001,PUBLICIDAD,vista,,,
519311,5001093001001001,Publicidad Gráfica,gastos,egreso,x,
519312,5001093001002002,Publicidad Radial,gastos,egreso,x,
519313,5001093001003003,Publicidad Televisiva,gastos,egreso,x,
519314,5001093001004004,Folletos,gastos,egreso,x,
5194,5001094,GTOS. GEN. ADMINISTRAC.,vista,,,
51941,5001094001,SUELDOS Y CAingresoAS SOC.,vista,,,
519411,5001094001001001,Sueldos,gastos,egreso,x,
519412,5001094001002002,Asignaciones No Remun.,gastos,egreso,x,
519413,5001094001003003,SAC,gastos,egreso,x,
519414,5001094001004004,Retribuciones Tickets,gastos,egreso,x,
5194111,5001094001011011,Retribución Pasantes,gastos,egreso,x,
5194115,5001094001015015,Ropa de Trabajo,gastos,egreso,x,
5194116,5001094001016016,Gastos de Traslado,gastos,egreso,x,
5194131,5001094001031031,Aportes Sociales,gastos,egreso,x,
5194132,5001094001032032,Comisión S/Tickets Can.,gastos,egreso,x,
5194133,5001094001033033,Comisión S/Tickets C.-Ex,gastos,egreso,x,
51942,5001094002,MOVILIDAD DEL PERSONAL,vista,,,
519421,5001094002001001,Movilidad del Personal,gastos,egreso,x,
51943,5001094003,CAPACITACION,vista,,,
519431,5001094003001001,Capacitación,gastos,egreso,x,
519432,5001094003002002,Capacitación - Grav.,gastos,egreso,x,
51946,5001094006,INDEMNIZACIONES AL PERS.,vista,,,
519461,5001094006001001,Indemnizaciones al Pers.,gastos,egreso,x,
519462,5001094006002002,Quebranto Pres. Despidos,gastos,egreso,x,
51948,5001094008,ATENCIONES AL PERSONAL,vista,,,
519481,5001094008001001,Atenciones al Personal,gastos,egreso,x,
519482,5001094008002002,Atención Médica,gastos,egreso,x,
519411,5001094011,HONORARIOS PROFESIONALES,vista,,,
5194111,5001094011001001,Honorarios Profesionales,gastos,egreso,x,
5194112,5001094011002002,Honorarios Varios,gastos,egreso,x,
5194113,5001094011003003,Honorarios Auditoría,gastos,egreso,x,
519421,5001094021,SEGUROS DE ACCIDENTES,vista,,,
5194211,5001094021001001,Seguros de Accidentes,gastos,egreso,x,
5194212,5001094021002002,Seguros de Acc.-No Grav.,gastos,egreso,x,
519431,5001094031,GASTOS EDIFICIO E INSTAL,vista,,,
5194311,5001094031001001,Mantenimiento Edificio,gastos,egreso,x,
5194312,5001094031002002,Refacciones Edificio,gastos,egreso,x,
5194313,5001094031003003,ABL,gastos,egreso,x,
5194314,5001094031004004,Expensas,gastos,egreso,x,
5194315,5001094031005005,Mantenimiento Instalac.,gastos,egreso,x,
5194316,5001094031006006,Seguros s/Edificio,gastos,egreso,x,
5194317,5001094031007007,Serv. de Agua Potable,gastos,egreso,x,
5194318,5001094031008008,Serv. de Agua Potable-NG,gastos,egreso,x,
51943111,5001094031011011,Reparaciones Varias,gastos,egreso,x,
519432,5001094032,LIMPIEZA E HIGIENE,vista,,,
5194321,5001094032001001,Artículos de Limpieza,gastos,egreso,x,
5194322,5001094032002002,Artículos de Higiene,gastos,egreso,x,
5194323,5001094032003003,Servicio de Limpieza,gastos,egreso,x,
519435,5001094035,CAFETERÍA,vista,,,
5194351,5001094035001001,Cafetería,gastos,egreso,x,
5194352,5001094035002002,Cafetería-Adicionales,gastos,egreso,x,
519441,5001094041,ENEingresoIA ELECTRICA,vista,,,
5194411,5001094041001001,Eneingresoía Eléctrica,gastos,egreso,x,
5194412,5001094041002002,Eneingresoía Eléctrica-NG,gastos,egreso,x,
519442,5001094042,TELEFONOS,vista,,,
5194421,5001094042001001,Teléfonos-Lin. Fijas,gastos,egreso,x,
5194422,5001094042002002,Teléfonos-Lin. Celulares,gastos,egreso,x,
5194423,5001094042003003,Teléfonos-Lin. Cel. Esp.,gastos,egreso,x,
5194429,5001094042009009,Teléfonos-C. No Gravados,gastos,egreso,x,
519443,5001094043,FRANQUEOS,vista,,,
5194431,5001094043001001,Franqueos,gastos,egreso,x,
5194432,5001094043002002,Franqueos-Conc. No Grav.,gastos,egreso,x,
5194433,5001094043003003,Franqueos Ex,gastos,egreso,x,
519444,5001094044,FOTOCOPIAS,vista,,,
5194441,5001094044001001,Fotocopias-Contratado,gastos,egreso,x,
5194442,5001094044002002,Fotocopias,gastos,egreso,x,
519445,5001094045,PAPELERIA Y UTILES,vista,,,
5194451,5001094045001001,Papel Resmas,gastos,egreso,x,
5194452,5001094045002002,Papelería y Utiles Esc.,gastos,egreso,x,
519446,5001094046,GASTOS DE COMPUTACION,vista,,,
5194461,5001094046001001,Insumos Computac. 10.5,gastos,egreso,x,
5194462,5001094046002002,Insumos Computac. 21.0,gastos,egreso,x,
5194463,5001094046003003,Actualización Sofware,gastos,egreso,x,
5194464,5001094046004004,Mantenimiento Red,gastos,egreso,x,
5194465,5001094046005005,Reparaciones Equipos,gastos,egreso,x,
5194466,5001094046006006,Seguros s/Equipos,gastos,egreso,x,
5194467,5001094046007007,Seguros s/Equipos-No Gr.,gastos,egreso,x,
5194468,5001094046008008,Insumos Computac. Ex,gastos,egreso,x,
519447,5001094047,SERVICIO DE INTERNET,vista,,,
5194471,5001094047001001,Abono Acceso a Internet,gastos,egreso,x,
5194472,5001094047002002,Abono Hosting,gastos,egreso,x,
5194473,5001094047003003,Mantenimiento Sitio Web,gastos,egreso,x,
519448,5001094048,SERVICIO DE CABLE,vista,,,
5194481,5001094048001001,Abono Serv. de Cable,gastos,egreso,x,
519451,5001094051,TRAMITACIONES,vista,,,
5194511,5001094051001001,Certificaciones y Autent,gastos,egreso,x,
5194512,5001094051002002,Gastos Trámites Varios,gastos,egreso,x,
519452,5001094052,MENSAJERIA,vista,,,
5194521,5001094052001001,Mensajería,gastos,egreso,x,
519453,5001094053,REVISTAS Y LIBROS,vista,,,
5194531,5001094053001001,Revistas y Libros,gastos,egreso,x,
5194532,5001094053002002,Publicaciones Varias,gastos,egreso,x,
519454,5001094054,MOVILIDAD,vista,,,
5194541,5001094054001001,Movilidad,gastos,egreso,x,
519456,5001094056,FLETES,vista,,,
5194561,5001094056001001,Fletes,gastos,egreso,x,
519461,5001094061,GASTOS BANCARIOS,vista,,,
5194611,5001094061001001,Comisiones Bancarias,gastos,egreso,x,
5194612,5001094061002002,Comisiones Bca. Electron,gastos,egreso,x,
5194613,5001094061003003,Comisiones s/Tarjetas Cr,gastos,egreso,x,
519465,5001094065,GASTOS DE ASAMBLEA,vista,,,
5194651,5001094065001001,Gastos de Asamblea,gastos,egreso,x,
519481,5001094081,AMORTIZACIONES,vista,,,
5194811,5001094081001001,Amortizac. Edificios,gastos,egreso,x,
5194812,5001094081002002,Amortizac. Instalaciones,gastos,egreso,x,
5194813,5001094081003003,Amortizac. Muebles y Ut.,gastos,egreso,x,
5194814,5001094081004004,Amortizac. Eq. Computac.,gastos,egreso,x,
519489,5001094089,GASTOS VS. DE ADMIN.,gastos,egreso,x,
5194891,5001094089001001,Gastos Vs. de Admin.,gastos,egreso,x,
5194892,5001094089002002,Gastos Vs. de Admin. -NG,gastos,egreso,x,
5194895,5001094089005005,Baja Muebles y Utiles,gastos,egreso,x,
5194897,5001094089007007,Aplicación Fdos.Conv-21,gastos,egreso,x,
5194898,5001094089008008,Aplicación Fdos.Conv-105,gastos,egreso,x,
5194899,5001094089009009,Aplicación Fdos.Conv-Ex,gastos,egreso,x,
51948911,5001094089011011,Aplicac Fdos.Conv.III-21,gastos,egreso,x,
51948912,5001094089012012,AplicacFdos.Conv.III-105,gastos,egreso,x,
51948913,5001094089013013,Aplicac Fdos.Conv.III-Ex,gastos,egreso,x,
51948914,5001094089014014,Aplicac Fdos.Conv.IV-21,gastos,egreso,x,
51948915,5001094089015015,AplicacFdos.Conv.IV-105,gastos,egreso,x,
51948916,5001094089016016,Aplicac Fdos.Conv.IV-Ex,gastos,egreso,x,
51948917,5001094089017017,Aplicac Fdos.Conv.V-21,gastos,egreso,x,
51948918,5001094089018018,AplicacFdos.Conv.V-105,gastos,egreso,x,
51948919,5001094089019019,Aplicac Fdos.Conv.V-Ex,gastos,egreso,x,
51948920,5001094089020020,Aplicac Fdos.Conv.VI-21,gastos,egreso,x,
51948921,5001094089021021,AplicacFdos.Conv.VI-105,gastos,egreso,x,
51948922,5001094089022022,Aplicac Fdos.Conv.VI-Ex,gastos,egreso,x,
51948923,5001094089023023,Aplicac Fdos.Conv.VII-21,gastos,egreso,x,
51948924,5001094089024024,AplicacFdos.Conv.VII-105,gastos,egreso,x,
51948925,5001094089025025,Aplicac Fdos.Conv.VII-Ex,gastos,egreso,x,
51948926,5001094089026026,Aplicac Fdos.ConvVIII-21,gastos,egreso,x,
51948927,5001094089027027,AplicacFdos.Conv.VIII105,gastos,egreso,x,
51948928,5001094089028028,Aplicac Fdos.Conv VIII Ex,gastos,egreso,x,
51948929,5001094089029029,Aplicac Fdos.Conv IX-21,gastos,egreso,x,
51948930,5001094089030030,AplicacFdos.Conv.IX 105,gastos,egreso,x,
51948931,5001094089031031,Aplicac Fdos.Conv IX Ex,gastos,egreso,x,
51948932,5001094089032032,Aplicac Fdos.Conv X-21,gastos,egreso,x,
51948933,5001094089033033,AplicacFdos.Conv.X 105,gastos,egreso,x,
51948934,5001094089034034,Aplicac Fdos.Conv X Ex,gastos,egreso,x,
5195,5001095,GASTOS GEN. FINANCIACION,vista,,,
51951,5001095001,Intereses Bancarios,gastos,egreso,x,
51952,5001095002,Intereses Pagados,gastos,egreso,x,
51953,5001095003,Intereses s/Descubiertos,gastos,egreso,x,
51955,5001095005,Descuentos Otoingresoados,gastos,egreso,x,
51956,5001095006,Diferencias Arqueo,gastos,egreso,x,
51957,5001095007,Diferencias de Cambio,gastos,egreso,x,
5196,5001096,GASTOS GEN. VARIOS,vista,,,
51961,5001096001,Fdo. Educación y Prom.,gastos,egreso,x,
51962,5001096002,Imp. Débitos y Créditos,gastos,egreso,x,
51963,5001096003,Ingresos Brutos - Vs.,gastos,egreso,x,
519611,5001096011,Int. y Multas Fiscales,gastos,egreso,x,
519651,5001096051,IVA CF NO COMPUTABLE,vista,,,
5196511,5001096051001001,Iva No Computable,gastos,egreso,x,
5196512,5001096051002002,Iva No Comput-Prorrateo,gastos,egreso,x,
5196515,5001096051005005,Iva No Comput-Convenio,gastos,egreso,x,
52,5002,EGRESOS EXTRAORDINARIOS,vista,,,
5291,5002091,EGRESOS EXTRAORD. VS.,vista,,,
52913,5002091003,GASTOS DE ADMINISTRACION,vista,,,
529131,5002091003001001,Gastos Gestión Subsidios,gastos,egreso,x,
529132,5002091003002002,Honorarios P/Gestión Sub,gastos,egreso,x,
5292,5002092,GTOS. GEN. ACT. INSTITUC,vista,,,
529280,5002092080,ACTIV. CONJUNTAS C/INAES,vista,,,
5292801,5002092080001001,Actividades c/INAES,gastos,egreso,x,
5292802,5002092080002002,Galardón Latinoamericano,gastos,egreso,x,
5292804,5002092080004004,Aporte Equipamiento Conv,gastos,egreso,x,
